City_ID,City,Country,Date,Lat,Lng,Max Temp,Humidity,Cloudiness,Wind Speed,Current Description
0,Misratah,LY,2022-05-13 05:52:17,32.3754,15.0925,64.9,67,5,8.79,clear sky
1,Hofn,IS,2022-05-13 05:52:18,64.2539,-15.2082,36.3,59,100,22.3,overcast clouds
2,Los Llanos De Aridane,ES,2022-05-13 06:02:01,28.6585,-17.9182,62.35,91,75,6.91,broken clouds
3,Dmytrivka,UA,2022-05-13 05:52:19,45.9717,28.9864,74.34,53,2,7.67,clear sky
4,Christchurch,NZ,2022-05-13 05:58:04,-43.5333,172.6333,52.95,82,98,6.91,overcast clouds
5,Killarney,IE,2022-05-13 06:02:02,52.05,-9.5167,52.23,82,100,9.55,overcast clouds
6,Butaritari,KI,2022-05-13 05:52:20,3.0707,172.7902,81.23,73,100,11.7,overcast clouds
7,Rikitea,PF,2022-05-13 06:02:03,-23.1203,-134.9692,76.64,74,10,20.58,clear sky
8,San Policarpo,PH,2022-05-13 06:02:03,12.1791,125.5072,84.76,70,44,11.68,scattered clouds
9,Bredasdorp,ZA,2022-05-13 05:52:22,-34.5322,20.0403,54.73,89,67,5.99,broken clouds
10,Agirish,RU,2022-05-13 05:52:22,61.9247,63.0231,61.59,36,49,10.4,scattered clouds
11,Yellowknife,CA,2022-05-13 05:52:23,62.456,-114.3525,41.52,70,20,10.36,few clouds
12,Paita,PE,2022-05-13 05:52:23,-5.0892,-81.1144,66.15,83,86,10.45,overcast clouds
13,Busselton,AU,2022-05-13 05:52:24,-33.65,115.3333,60.26,58,90,16.64,overcast clouds
14,Tezu,IN,2022-05-13 05:52:24,27.9167,96.1667,71.28,97,100,5.17,light rain
15,Severo-Kurilsk,RU,2022-05-13 05:52:25,50.6789,156.125,41.95,87,68,8.61,broken clouds
16,Plouzane,FR,2022-05-13 05:52:26,48.3833,-4.6167,50.05,100,100,3.44,fog
17,New Norfolk,AU,2022-05-13 05:52:26,-42.7826,147.0587,59.72,70,79,2.66,broken clouds
18,Molteno,ZA,2022-05-13 05:52:27,-31.3968,26.3625,48.87,40,0,6.2,clear sky
19,Saint-Pierre,RE,2022-05-13 05:52:28,-21.3393,55.4781,79.92,57,75,9.22,broken clouds
20,Codrington,AU,2022-05-13 05:52:28,-38.2667,141.9667,66.38,67,100,7.31,overcast clouds
21,Punta Arenas,CL,2022-05-13 05:52:29,-53.15,-70.9167,35.71,93,75,8.05,broken clouds
22,Meulaboh,ID,2022-05-13 05:52:29,4.1363,96.1285,87.15,62,69,5.5,broken clouds
23,College,US,2022-05-13 05:52:30,64.8569,-147.8028,39.18,93,100,9.22,light rain
24,Puerto Ayora,EC,2022-05-13 05:52:30,-0.7393,-90.3518,71.55,96,21,6.35,few clouds
25,Ushuaia,AR,2022-05-13 05:52:31,-54.8,-68.3,42.46,93,75,0.0,broken clouds
26,Arraial Do Cabo,BR,2022-05-13 05:52:31,-22.9661,-42.0278,72.66,75,92,8.57,overcast clouds
27,Kodiak,US,2022-05-13 05:52:32,57.79,-152.4072,45.91,66,0,0.0,clear sky
28,Talnakh,RU,2022-05-13 05:52:32,69.4865,88.3972,40.21,100,100,10.18,overcast clouds
29,Hobart,AU,2022-05-13 05:50:08,-42.8794,147.3294,60.26,76,75,5.75,broken clouds
30,Lorengau,PG,2022-05-13 05:52:33,-2.0226,147.2712,84.81,64,86,6.46,overcast clouds
31,Sabha,LY,2022-05-13 05:52:34,27.0377,14.4283,65.5,52,0,11.81,clear sky
32,Lebu,CL,2022-05-13 05:52:34,-37.6167,-73.65,50.0,87,14,10.29,few clouds
33,Albany,US,2022-05-13 05:52:35,42.6001,-73.9662,65.68,81,65,4.79,broken clouds
34,Fortuna,US,2022-05-13 05:52:35,40.5982,-124.1573,52.92,85,100,13.8,overcast clouds
35,Breves,BR,2022-05-13 05:52:36,-1.6822,-50.4803,73.02,98,100,2.62,overcast clouds
36,Port Elizabeth,ZA,2022-05-13 05:50:59,-33.918,25.5701,60.31,75,0,6.91,clear sky
37,Broome,US,2022-05-13 05:52:37,42.2506,-75.833,63.64,78,33,3.6,scattered clouds
38,Uige,AO,2022-05-13 05:52:37,-7.6087,15.0613,68.47,98,100,1.74,light rain
39,Atuona,PF,2022-05-13 05:52:38,-9.8,-139.0333,78.85,77,25,23.26,scattered clouds
40,Pizarro,CO,2022-05-13 05:52:38,4.9533,-77.366,77.99,89,86,2.62,moderate rain
41,Qaanaaq,GL,2022-05-13 05:52:39,77.484,-69.3632,9.75,67,12,7.23,few clouds
42,Huarmey,PE,2022-05-13 05:52:39,-10.0681,-78.1522,63.5,88,48,9.19,scattered clouds
43,Rocha,UY,2022-05-13 05:52:40,-34.4833,-54.3333,46.98,89,49,3.22,scattered clouds
44,Chippewa Falls,US,2022-05-13 05:52:40,44.9369,-91.3929,80.78,67,75,14.97,broken clouds
45,Mapiri,BO,2022-05-13 05:52:41,-15.25,-68.1667,66.36,98,96,0.67,overcast clouds
46,Dikson,RU,2022-05-13 05:52:41,73.5069,80.5464,29.82,84,100,12.68,overcast clouds
47,Matai,TZ,2022-05-13 05:52:42,-8.3,31.5167,60.24,77,100,5.5,overcast clouds
48,Moree,AU,2022-05-13 05:52:42,-29.4667,149.85,66.92,90,99,9.55,light rain
49,Bethel,US,2022-05-13 05:51:48,41.3712,-73.414,62.91,92,100,4.61,mist
50,Sao Filipe,CV,2022-05-13 05:52:43,14.8961,-24.4956,72.81,80,94,6.22,overcast clouds
51,Bathsheba,BB,2022-05-13 05:52:43,13.2167,-59.5167,79.41,83,75,20.71,broken clouds
52,Kirakira,SB,2022-05-13 05:52:44,-10.4544,161.9205,82.42,79,42,2.48,scattered clouds
53,Impfondo,CG,2022-05-13 05:52:44,1.6381,18.0667,76.01,79,73,1.23,broken clouds
54,Provideniya,RU,2022-05-13 05:52:45,64.3833,-173.3,32.11,86,75,11.18,broken clouds
55,Kapaa,US,2022-05-13 05:52:45,22.0752,-159.319,75.52,85,75,20.71,broken clouds
56,Upernavik,GL,2022-05-13 05:52:46,72.7868,-56.1549,4.62,93,63,4.47,broken clouds
57,Havelock,US,2022-05-13 05:52:46,34.8791,-76.9013,64.99,95,100,5.01,heavy intensity rain
58,Saskylakh,RU,2022-05-13 05:52:47,71.9167,114.0833,20.5,89,85,19.17,overcast clouds
59,Henties Bay,NA,2022-05-13 05:52:47,-22.116,14.2845,57.4,85,63,6.11,broken clouds
60,Nueva Guinea,NI,2022-05-13 05:52:48,11.6876,-84.4562,73.33,92,68,8.55,broken clouds
61,Ca Mau,VN,2022-05-13 05:52:49,9.1769,105.15,92.32,54,98,9.8,overcast clouds
62,Tasiilaq,GL,2022-05-13 05:52:50,65.6145,-37.6368,12.65,64,26,5.01,scattered clouds
63,Guiyang,CN,2022-05-13 05:52:50,26.5833,106.7167,66.69,72,100,11.18,overcast clouds
64,Torbay,CA,2022-05-13 05:52:51,47.6666,-52.7314,35.38,84,0,8.05,clear sky
65,Awbari,LY,2022-05-13 05:52:52,26.5921,12.7805,64.74,43,0,7.81,clear sky
66,Gainesville,US,2022-05-13 05:51:31,29.6516,-82.3248,67.08,88,75,0.0,broken clouds
67,Vikulovo,RU,2022-05-13 05:52:52,56.8167,70.6107,68.16,35,0,7.07,clear sky
68,Dingle,PH,2022-05-13 05:52:53,10.9995,122.6711,92.7,52,54,9.13,broken clouds
69,Solnechnyy,RU,2022-05-13 05:52:53,50.7214,136.6319,54.84,44,68,10.29,broken clouds
70,Ilam,NP,2022-05-13 05:52:54,26.9167,87.9167,77.36,70,83,2.86,broken clouds
71,Barra Patuca,HN,2022-05-13 05:52:54,15.8,-84.2833,76.26,81,12,7.65,few clouds
72,Cherskiy,RU,2022-05-13 05:52:55,68.75,161.3,36.43,100,85,11.92,overcast clouds
73,Mar Del Plata,AR,2022-05-13 05:52:55,-38.0023,-57.5575,54.95,83,100,8.99,moderate rain
74,Tongliao,CN,2022-05-13 05:52:56,43.6125,122.2653,64.17,18,35,16.91,scattered clouds
75,Tiksi,RU,2022-05-13 05:52:56,71.6872,128.8694,22.19,78,60,13.15,broken clouds
76,Cayenne,GF,2022-05-13 05:52:57,4.9333,-52.3333,80.1,1,75,5.01,broken clouds
77,Muisne,EC,2022-05-13 05:52:57,0.6,-80.0333,76.87,89,100,9.08,light rain
78,Pevek,RU,2022-05-13 05:52:58,69.7008,170.3133,31.1,83,91,11.18,overcast clouds
79,Buraydah,SA,2022-05-13 05:52:58,26.326,43.975,77.45,11,0,9.28,clear sky
80,Hithadhoo,MV,2022-05-13 05:52:59,-0.6,73.0833,83.89,67,49,12.86,scattered clouds
81,Ures,MX,2022-05-13 05:52:59,29.4333,-110.4,71.44,9,6,2.95,clear sky
82,Touros,BR,2022-05-13 05:53:00,-5.1989,-35.4608,75.97,91,37,9.75,scattered clouds
83,Georgetown,MY,2022-05-13 05:53:01,5.4112,100.3354,93.13,70,20,6.91,few clouds
84,Nikolskoye,RU,2022-05-13 05:53:01,59.7035,30.7861,48.7,83,98,12.35,overcast clouds
85,Barrow,US,2022-05-13 05:53:02,71.2906,-156.7887,21.07,89,99,9.06,overcast clouds
86,Mahebourg,MU,2022-05-13 05:53:02,-20.4081,57.7,79.25,69,40,10.36,scattered clouds
87,Lolodorf,CM,2022-05-13 05:53:03,3.2333,10.7333,71.62,97,99,1.3,overcast clouds
88,Jamestown,US,2022-05-13 05:53:03,42.097,-79.2353,67.64,74,0,5.75,clear sky
89,Haines Junction,CA,2022-05-13 05:53:04,60.7522,-137.5108,29.88,95,8,3.65,clear sky
90,Chokurdakh,RU,2022-05-13 05:53:04,70.6333,147.9167,32.74,100,99,10.07,overcast clouds
91,Saint-Honore,CA,2022-05-13 05:53:05,48.5334,-71.0824,65.52,40,100,10.36,overcast clouds
92,Nanortalik,GL,2022-05-13 05:53:05,60.1432,-45.2371,31.3,80,100,2.95,overcast clouds
93,Kaitangata,NZ,2022-05-13 05:48:57,-46.2817,169.8464,52.68,73,100,3.76,overcast clouds
94,Leshukonskoye,RU,2022-05-13 05:53:06,64.8989,45.7622,50.79,78,100,10.16,overcast clouds
95,Bagdarin,RU,2022-05-13 05:53:07,54.4333,113.6,57.11,28,56,13.06,broken clouds
96,Bluff,NZ,2022-05-13 05:53:07,-46.6,168.3333,55.8,79,100,12.55,overcast clouds
97,Praia Da Vitoria,PT,2022-05-13 05:53:08,38.7333,-27.0667,59.25,77,40,7.92,scattered clouds
98,Ribeira Grande,PT,2022-05-13 05:53:08,38.5167,-28.7,60.66,68,75,5.82,broken clouds
99,Port Macquarie,AU,2022-05-13 05:53:09,-31.4333,152.9167,72.9,89,100,14.88,overcast clouds
100,Norman Wells,CA,2022-05-13 05:50:05,65.282,-126.8329,53.64,37,75,2.3,broken clouds
101,Caravelas,BR,2022-05-13 05:53:10,-17.7125,-39.2481,71.04,94,10,3.98,clear sky
102,Karpinsk,RU,2022-05-13 05:53:10,59.7654,60.0085,56.32,51,91,9.1,overcast clouds
103,Levokumskoye,RU,2022-05-13 05:53:11,44.8219,44.6606,62.85,42,42,15.1,scattered clouds
104,Evensk,RU,2022-05-13 05:53:12,61.95,159.2333,42.94,70,27,5.99,scattered clouds
105,Halifax,CA,2022-05-13 05:53:12,44.6453,-63.5724,58.89,87,71,3.44,broken clouds
106,Hilo,US,2022-05-13 05:50:26,19.7297,-155.09,73.26,83,75,3.44,broken clouds
107,Mataura,NZ,2022-05-13 05:53:13,-46.1927,168.8643,55.47,84,100,2.8,overcast clouds
108,Areosa,PT,2022-05-13 05:53:13,41.7178,-8.8571,58.86,73,68,2.26,broken clouds
109,Shahrud,IR,2022-05-13 05:53:14,36.4182,54.9763,57.92,56,15,12.35,few clouds
110,Saint-Philippe,RE,2022-05-13 05:53:14,-21.3585,55.7679,78.39,67,5,7.96,clear sky
111,Waingapu,ID,2022-05-13 05:53:15,-9.6567,120.2641,83.57,69,99,4.83,overcast clouds
112,Anloga,GH,2022-05-13 05:53:15,5.7947,0.8973,81.32,83,95,8.1,overcast clouds
113,Cape Town,ZA,2022-05-13 05:49:37,-33.9258,18.4232,57.88,94,100,12.66,light rain
114,Rabo De Peixe,PT,2022-05-13 05:53:16,37.8,-25.5833,60.28,91,75,5.75,broken clouds
115,Aksu,CN,2022-05-13 05:53:16,41.1231,80.2644,72.91,25,100,5.97,light rain
116,Sao Miguel Do Araguaia,BR,2022-05-13 05:53:17,-13.275,-50.1628,70.16,58,7,3.06,clear sky
117,Guisguis,PH,2022-05-13 05:53:17,13.8714,121.5192,88.05,57,31,7.23,scattered clouds
118,Morehead,US,2022-05-13 05:53:18,37.2711,-87.1764,63.86,91,0,0.0,clear sky
119,Nishihara,JP,2022-05-13 05:53:19,26.1842,127.7558,78.85,97,100,16.11,drizzle
120,Khatanga,RU,2022-05-13 05:53:19,71.9667,102.5,23.22,79,18,12.01,few clouds
121,Sioux Lookout,CA,2022-05-13 05:53:20,50.1001,-91.917,50.07,93,100,8.05,shower rain
122,Fairbanks,US,2022-05-13 05:48:50,64.8378,-147.7164,39.2,92,100,9.22,light rain
123,Kruisfontein,ZA,2022-05-13 05:53:20,-34.0033,24.7314,53.76,70,3,7.29,clear sky
124,Chuy,UY,2022-05-13 05:53:21,-33.6971,-53.4616,49.95,82,30,2.95,scattered clouds
125,Rincon,US,2022-05-13 05:53:21,32.296,-81.2354,66.85,94,100,6.91,overcast clouds
126,Nome,US,2022-05-13 05:53:22,64.5011,-165.4064,33.17,72,14,18.45,few clouds
127,Hermanus,ZA,2022-05-13 05:53:22,-34.4187,19.2345,57.79,79,97,11.7,overcast clouds
128,Longyearbyen,SJ,2022-05-13 05:48:40,78.2186,15.6401,17.44,57,0,13.8,clear sky
129,Sibu,MY,2022-05-13 05:53:23,2.3,111.8167,89.91,62,40,4.61,scattered clouds
130,Kudahuvadhoo,MV,2022-05-13 05:53:23,2.6708,72.8944,83.16,79,99,16.87,overcast clouds
131,Ixtapa,MX,2022-05-13 05:53:24,20.7,-105.2,79.23,71,55,1.54,broken clouds
132,Altay,CN,2022-05-13 05:53:24,47.8667,88.1167,65.44,30,88,6.42,overcast clouds
133,Vardo,NO,2022-05-13 05:53:25,70.3705,31.1107,37.38,75,41,11.5,scattered clouds
134,Dutlwe,BW,2022-05-13 05:53:25,-23.9833,23.9,60.94,45,0,7.27,clear sky
135,Ilulissat,GL,2022-05-13 05:53:26,69.2167,-51.1,10.42,96,89,6.53,overcast clouds
136,Antalaha,MG,2022-05-13 05:53:26,-14.9003,50.2788,80.56,61,3,12.35,clear sky
137,Mahibadhoo,MV,2022-05-13 05:53:27,3.7833,72.9667,83.62,75,95,17.16,overcast clouds
138,Adrar,MR,2022-05-13 05:53:27,20.5022,-10.0711,80.35,19,3,11.95,clear sky
139,Alofi,NU,2022-05-13 05:51:47,-19.0595,-169.9187,73.29,94,100,12.66,overcast clouds
140,Pangnirtung,CA,2022-05-13 05:53:28,66.1451,-65.7125,6.22,80,17,6.93,few clouds
141,Santa Cruz,BO,2022-05-13 05:53:29,-17.8,-63.1667,65.66,88,0,3.44,clear sky
142,Avarua,CK,2022-05-13 05:53:29,-21.2078,-159.775,80.65,89,75,9.22,broken clouds
143,Mount Gambier,AU,2022-05-13 05:50:41,-37.8333,140.7667,67.3,61,92,4.54,overcast clouds
144,Saint-Joseph,RE,2022-05-13 05:53:30,-21.3667,55.6167,77.38,66,2,7.96,clear sky
145,Lompoc,US,2022-05-13 05:53:31,34.6391,-120.4579,54.59,80,0,17.27,clear sky
146,Margherita,IN,2022-05-13 05:53:31,27.2833,95.6833,75.0,97,93,3.09,overcast clouds
147,Honiara,SB,2022-05-13 05:53:32,-9.4333,159.95,83.34,75,38,1.86,scattered clouds
148,Jurado,CO,2022-05-13 05:53:32,7.1053,-77.7641,77.67,91,97,1.32,light rain
149,Isangel,VU,2022-05-13 05:52:47,-19.55,169.2667,74.55,62,100,17.6,overcast clouds
150,Imphal,IN,2022-05-13 05:49:30,24.8167,93.95,73.31,94,75,3.44,mist
151,Sitka,US,2022-05-13 05:53:33,57.0531,-135.33,44.01,85,45,1.95,scattered clouds
152,Seoul,KR,2022-05-13 05:53:34,37.5683,126.9778,76.39,31,0,6.91,clear sky
153,Resavica,RS,2022-05-13 05:53:35,44.0408,21.5816,67.69,60,7,2.37,clear sky
154,Ostrovnoy,RU,2022-05-13 05:53:35,68.0531,39.5131,42.82,92,89,4.88,overcast clouds
155,Natal,BR,2022-05-13 05:48:57,-5.795,-35.2094,77.22,94,75,4.61,broken clouds
156,Tupik,RU,2022-05-13 05:53:36,54.4253,119.9327,41.67,82,100,8.86,light rain
157,Carnarvon,AU,2022-05-13 05:53:36,-24.8667,113.6333,69.62,57,85,19.48,overcast clouds
158,Olinda,BR,2022-05-13 05:53:37,-8.0089,-34.8553,76.73,94,100,4.61,overcast clouds
159,Pacasmayo,PE,2022-05-13 05:53:09,-7.4006,-79.5714,64.15,86,73,11.1,broken clouds
160,Victoria,HK,2022-05-13 05:49:41,22.2855,114.1577,82.45,86,100,11.99,overcast clouds
161,Kalmunai,LK,2022-05-13 05:53:38,7.4167,81.8167,89.42,56,77,3.51,broken clouds
162,Lahaina,US,2022-05-13 05:53:38,20.8783,-156.6825,78.04,83,64,10.25,broken clouds
163,Kavieng,PG,2022-05-13 05:53:39,-2.5744,150.7967,84.07,67,100,9.35,overcast clouds
164,Bandarbeyla,SO,2022-05-13 05:51:35,9.4942,50.8122,91.04,53,96,11.81,overcast clouds
165,Trairi,BR,2022-05-13 05:48:49,-3.2778,-39.2689,76.03,93,97,7.36,overcast clouds
166,Thunder Bay,CA,2022-05-13 05:51:38,48.4001,-89.3168,50.29,100,100,23.02,light rain
167,Saint-Paul,RE,2022-05-13 05:53:40,-21.0096,55.2707,80.69,64,1,5.53,clear sky
168,Baisha,CN,2022-05-13 05:53:40,26.5222,110.9311,63.95,98,100,4.05,overcast clouds
169,Fallon,US,2022-05-13 05:53:41,39.4735,-118.7774,57.07,31,40,13.8,scattered clouds
170,Sosnogorsk,RU,2022-05-13 05:53:42,63.6023,53.8817,55.78,50,12,9.53,few clouds
171,Bud,US,2022-05-13 05:53:42,39.447,-86.1758,68.02,75,10,7.36,clear sky
172,Lavrentiya,RU,2022-05-13 05:53:43,65.5833,-171.0,26.89,81,4,4.21,clear sky
173,Rosetta,EG,2022-05-13 05:53:43,31.4044,30.4164,70.39,60,24,11.32,few clouds
174,Ugoofaaru,MV,2022-05-13 05:53:44,5.6667,73.0,83.95,77,100,22.39,overcast clouds
175,Hualmay,PE,2022-05-13 05:53:44,-11.0964,-77.6139,62.96,86,66,9.37,broken clouds
176,Palmer,US,2022-05-13 05:53:45,42.1584,-72.3287,63.77,87,0,6.91,clear sky
177,Krasnyy Chikoy,RU,2022-05-13 05:53:45,50.3643,108.7512,58.82,28,47,10.78,scattered clouds
178,Vanimo,PG,2022-05-13 05:53:46,-2.6741,141.3028,83.14,76,100,6.4,overcast clouds
179,Port Lincoln,AU,2022-05-13 05:53:46,-34.7333,135.8667,65.75,56,100,12.3,overcast clouds
180,Lakatoro,VU,2022-05-13 05:53:47,-16.0999,167.4164,77.92,73,100,17.47,overcast clouds
181,Labrea,BR,2022-05-13 05:53:47,-7.2586,-64.7981,75.85,80,100,1.25,overcast clouds
182,Padang,ID,2022-05-13 05:53:48,-0.9492,100.3543,87.85,61,70,5.75,light rain
183,Tuskegee,US,2022-05-13 05:53:48,32.424,-85.6916,72.75,76,45,6.17,scattered clouds
184,Roebourne,AU,2022-05-13 05:53:49,-20.7833,117.1333,80.15,71,91,10.13,light rain
185,Agadez,NE,2022-05-13 05:53:49,19.75,10.25,74.97,22,0,7.76,clear sky
186,Aksarka,RU,2022-05-13 05:53:50,66.5606,67.7975,37.92,100,100,10.54,overcast clouds
187,Rafaela,AR,2022-05-13 05:53:50,-31.2503,-61.4867,53.01,60,95,1.01,overcast clouds
188,Maceio,BR,2022-05-13 05:49:55,-9.6658,-35.7353,76.44,88,75,4.61,broken clouds
189,Caluquembe,AO,2022-05-13 05:53:51,-13.7833,14.6833,57.63,64,1,1.19,clear sky
190,Matamoros,MX,2022-05-13 05:53:52,25.5333,-103.25,80.98,35,10,3.69,clear sky
191,Tuktoyaktuk,CA,2022-05-13 05:53:52,69.4541,-133.0374,41.0,65,75,9.22,broken clouds
192,Hoquiam,US,2022-05-13 05:53:52,46.9809,-123.8893,45.93,92,9,5.46,clear sky
193,Pochutla,MX,2022-05-13 05:53:53,15.7432,-96.4661,81.82,66,3,4.63,clear sky
194,Egvekinot,RU,2022-05-13 05:53:54,66.3167,-179.1667,25.74,93,50,3.94,scattered clouds
195,Guildford,GB,2022-05-13 05:53:54,51.2354,-0.5743,53.15,79,75,9.22,broken clouds
196,Keetmanshoop,NA,2022-05-13 05:53:55,-26.5833,18.1333,52.79,53,67,0.54,broken clouds
197,Arlit,NE,2022-05-13 05:53:55,18.7369,7.3853,83.89,14,0,7.29,clear sky
198,Kahului,US,2022-05-13 05:53:56,20.8947,-156.47,77.02,70,40,20.71,scattered clouds
199,Valle De Allende,MX,2022-05-13 05:53:56,26.9333,-105.4,74.43,17,66,8.1,broken clouds
200,Porto Novo,BJ,2022-05-13 05:53:57,6.4965,2.6036,78.62,88,65,3.8,broken clouds
201,Pulaski,US,2022-05-13 05:53:57,34.7668,-92.3001,76.17,90,3,3.56,clear sky
202,Balkanabat,TM,2022-05-13 05:53:58,39.5108,54.3671,69.8,49,61,4.03,light rain
203,Dongning,CN,2022-05-13 05:53:58,44.0622,131.1207,64.04,28,96,6.46,overcast clouds
204,Geraldton,AU,2022-05-13 05:53:59,-28.7667,114.6,64.81,72,75,8.05,broken clouds
205,Chunhuhub,MX,2022-05-13 05:53:59,19.55,-88.6833,68.36,91,0,2.15,clear sky
206,Umea,SE,2022-05-13 05:52:28,63.8284,20.2597,49.91,71,0,10.36,clear sky
207,Gat,IL,2022-05-13 05:51:02,31.61,34.7642,77.4,34,9,5.23,clear sky
208,Ponta Do Sol,PT,2022-05-13 05:54:00,32.6667,-17.1,67.01,83,98,3.56,overcast clouds
209,Mamallapuram,IN,2022-05-13 05:54:01,12.6264,80.1722,89.65,56,97,10.56,overcast clouds
210,Vaini,TO,2022-05-13 05:54:01,-21.2,-175.2,73.56,78,75,13.8,light intensity shower rain
211,Umm Lajj,SA,2022-05-13 05:54:02,25.0213,37.2685,96.19,25,0,6.31,clear sky
212,Yeppoon,AU,2022-05-13 05:54:02,-23.1333,150.7333,76.78,84,83,9.44,broken clouds
213,Sao Joao Da Barra,BR,2022-05-13 05:54:03,-21.6403,-41.0511,69.93,86,77,7.58,broken clouds
214,Saint George,US,2022-05-13 05:54:04,37.1041,-113.5841,64.99,20,0,3.44,clear sky
215,Alasehir,TR,2022-05-13 05:54:04,38.3508,28.5172,69.87,44,99,3.87,overcast clouds
216,Konya,TR,2022-05-13 05:54:05,38.1667,32.5,59.72,32,0,5.28,clear sky
217,Quatre Cocos,MU,2022-05-13 05:54:06,-20.2078,57.7625,79.09,72,78,13.87,broken clouds
218,Newport,GB,2022-05-13 05:54:06,51.5877,-2.9984,54.34,84,96,16.73,overcast clouds
219,General Pico,AR,2022-05-13 05:54:07,-35.6566,-63.7568,60.33,56,100,14.07,overcast clouds
220,Liberty,US,2022-05-13 05:54:07,31.8335,-81.5004,66.31,96,75,3.0,broken clouds
221,Conakry,GN,2022-05-13 05:54:08,9.538,-13.6773,77.07,83,40,4.61,light rain
222,Aguas Vermelhas,BR,2022-05-13 05:54:08,-15.7472,-41.46,61.57,89,65,2.66,broken clouds
223,Emba,KZ,2022-05-13 05:54:09,48.8264,58.1442,59.74,57,96,17.85,overcast clouds
224,Pueblo Nuevo,MX,2022-05-13 05:54:09,23.3833,-105.3833,64.38,57,86,1.88,overcast clouds
225,Phangnga,TH,2022-05-13 05:54:10,8.4509,98.5298,87.84,67,98,5.7,overcast clouds
226,Srednekolymsk,RU,2022-05-13 05:54:10,67.45,153.6833,42.71,91,74,7.02,broken clouds
227,Ancud,CL,2022-05-13 05:54:11,-41.8697,-73.8203,46.62,76,30,7.78,scattered clouds
228,Coahuayana,MX,2022-05-13 05:54:12,18.7333,-103.6833,76.05,77,94,2.59,overcast clouds
229,Port Alfred,ZA,2022-05-13 05:49:58,-33.5906,26.891,55.18,92,2,9.22,clear sky
230,Khandyga,RU,2022-05-13 05:54:12,62.6667,135.6,48.7,57,100,4.18,overcast clouds
231,Mogok,MM,2022-05-13 05:54:13,22.9167,96.5,78.15,68,55,4.36,broken clouds
232,Blairmore,CA,2022-05-13 05:54:14,49.6,-114.4353,38.89,69,26,1.14,scattered clouds
233,Port Shepstone,ZA,2022-05-13 05:54:14,-30.7414,30.455,66.31,60,0,7.9,clear sky
234,Chopda,IN,2022-05-13 05:54:15,21.25,75.3,100.45,29,4,14.54,clear sky
235,Hasaki,JP,2022-05-13 05:49:16,35.7333,140.8333,72.28,98,100,11.01,moderate rain
236,Goure,NE,2022-05-13 05:54:15,13.9835,10.2704,89.02,14,7,9.6,clear sky
237,Puerto Penasco,MX,2022-05-13 05:54:16,31.3167,-113.5333,70.92,47,24,11.32,few clouds
238,Suluq,LY,2022-05-13 05:54:16,31.6682,20.2521,66.24,57,0,8.9,light rain
239,Sambava,MG,2022-05-13 05:54:17,-14.2667,50.1667,79.83,64,8,14.07,clear sky
240,Saint-Augustin,CA,2022-05-13 05:54:17,51.226,-58.6502,38.16,72,3,4.99,clear sky
241,Tautira,PF,2022-05-13 05:54:18,-17.7333,-149.15,80.8,70,0,16.08,clear sky
242,Anqing,CN,2022-05-13 05:54:18,30.5092,117.0506,73.78,60,97,12.66,overcast clouds
243,Cloquet,US,2022-05-13 05:54:19,46.7216,-92.4594,60.19,97,100,4.61,heavy intensity rain
244,Apt,FR,2022-05-13 05:54:19,43.8833,5.4,51.78,60,98,1.97,overcast clouds
245,Alice Springs,AU,2022-05-13 05:54:20,-23.7,133.8833,81.95,17,0,8.05,clear sky
246,Bonthe,SL,2022-05-13 05:54:20,7.5264,-12.505,74.61,96,95,5.06,overcast clouds
247,Castro,BR,2022-05-13 05:54:21,-24.7911,-50.0119,50.31,98,4,3.47,clear sky
248,Zyryanka,RU,2022-05-13 05:54:21,65.75,150.85,51.71,54,0,15.75,clear sky
249,Amontada,BR,2022-05-13 05:54:22,-3.3617,-39.8317,72.81,97,37,3.29,scattered clouds
250,Bojnurd,IR,2022-05-13 05:54:23,37.4747,57.329,55.35,71,75,6.91,broken clouds
251,Petropavlovsk-Kamchatskiy,RU,2022-05-13 05:54:23,53.0452,158.6483,43.39,87,75,8.95,broken clouds
252,Hoorn,NL,2022-05-13 05:54:24,52.6431,5.0578,55.96,76,82,15.46,broken clouds
253,Presidencia Roque Saenz Pena,AR,2022-05-13 05:54:24,-26.7852,-60.4388,53.47,97,4,5.75,clear sky
254,San Vicente,AR,2022-05-13 05:52:04,-26.6167,-54.1333,48.38,98,0,2.19,clear sky
255,Salalah,OM,2022-05-13 05:54:25,17.0151,54.0924,95.88,14,1,18.95,clear sky
256,Aklavik,CA,2022-05-13 05:54:26,68.2191,-135.0107,34.68,91,100,5.41,overcast clouds
257,Hobyo,SO,2022-05-13 05:54:26,5.3505,48.5268,86.9,60,74,19.01,broken clouds
258,Careva Cuprija,BA,2022-05-13 05:54:27,44.2658,18.4292,56.71,66,3,2.06,clear sky
259,Baruun-Urt,MN,2022-05-13 05:54:28,46.6806,113.2792,50.16,37,100,16.28,overcast clouds
260,Komsomolskiy,UZ,2022-05-13 05:54:28,40.4272,71.7189,75.92,38,23,4.61,few clouds
261,Chingirlau,KZ,2022-05-13 05:54:29,51.095,54.0814,48.33,91,55,14.45,light rain
262,Mirador,BR,2022-05-13 05:54:29,-6.3708,-44.3631,72.86,96,73,1.86,broken clouds
263,Ahipara,NZ,2022-05-13 05:54:30,-35.1667,173.1667,56.39,67,21,1.34,few clouds
264,Bengkulu,ID,2022-05-13 05:54:30,-3.8004,102.2655,85.37,66,38,8.03,scattered clouds
265,Zhangjiakou,CN,2022-05-13 05:54:31,40.81,114.8794,62.13,16,51,24.2,broken clouds
266,Olafsvik,IS,2022-05-13 05:54:31,64.8945,-23.7142,34.39,71,100,27.04,overcast clouds
267,Cabo San Lucas,MX,2022-05-13 05:54:32,22.8909,-109.9124,80.62,58,47,5.75,scattered clouds
268,Kuala Terengganu,MY,2022-05-13 05:54:32,5.3302,103.1408,89.55,70,20,7.0,few clouds
269,Katsuura,JP,2022-05-13 05:54:33,35.1333,140.3,68.02,98,100,16.08,light rain
270,Qujing,CN,2022-05-13 05:54:34,25.4833,103.7833,65.53,67,100,6.53,overcast clouds
271,Severnyy,RU,2022-05-13 05:54:34,50.677,36.5532,59.04,67,40,13.42,scattered clouds
272,Dong Hoi,VN,2022-05-13 05:54:34,17.4833,106.6,85.41,67,100,8.5,overcast clouds
273,Nikolayevsk-Na-Amure,RU,2022-05-13 05:54:35,53.1406,140.73,51.53,69,97,2.77,light rain
274,Cascais,PT,2022-05-13 05:54:35,38.6979,-9.4215,64.98,56,14,4.0,few clouds
275,Batagay-Alyta,RU,2022-05-13 05:54:36,67.8006,130.4114,31.23,98,99,4.76,light snow
276,Moerai,PF,2022-05-13 05:54:36,-22.4333,-151.3333,79.92,81,15,18.23,few clouds
277,Puerto Leguizamo,CO,2022-05-13 05:54:37,-0.1934,-74.7819,72.75,99,94,1.05,overcast clouds
278,Bosaso,SO,2022-05-13 05:54:38,11.2842,49.1816,87.78,58,0,0.0,clear sky
279,Oistins,BB,2022-05-13 05:54:38,13.0667,-59.5333,78.89,83,75,20.71,broken clouds
280,Flinders,AU,2022-05-13 05:54:39,-34.5833,150.8552,74.05,78,94,6.38,overcast clouds
281,Hovd,MN,2022-05-13 05:54:39,48.0056,91.6419,55.92,14,0,6.42,clear sky
282,Houston,US,2022-05-13 05:50:22,29.7633,-95.3633,76.12,81,75,12.66,broken clouds
283,Jacareacanga,BR,2022-05-13 05:54:40,-6.2222,-57.7528,74.21,88,70,0.78,broken clouds
284,Carora,VE,2022-05-13 05:54:40,10.1755,-70.0827,75.31,77,99,3.8,overcast clouds
285,Fazalpur,PK,2022-05-13 05:54:41,32.1833,75.0667,108.97,12,0,0.85,clear sky
286,Troitskiy,RU,2022-05-13 05:54:41,57.0603,63.7481,63.37,38,100,11.95,overcast clouds
287,Bambous Virieux,MU,2022-05-13 05:54:42,-20.3428,57.7575,79.21,69,40,10.36,scattered clouds
288,San Ramon,US,2022-05-13 05:54:42,37.7799,-121.978,54.39,77,34,3.33,scattered clouds
289,Port Augusta,AU,2022-05-13 05:54:43,-32.5,137.7667,74.05,37,44,14.16,scattered clouds
290,Aripuana,BR,2022-05-13 05:54:43,-9.1667,-60.6333,74.1,77,98,1.54,overcast clouds
291,Chenzhou,CN,2022-05-13 05:54:44,25.8,113.0333,65.03,98,100,3.36,overcast clouds
292,Gornopravdinsk,RU,2022-05-13 05:54:44,60.05,69.9,65.01,42,3,6.4,clear sky
293,Sinnamary,GF,2022-05-13 05:54:45,5.3833,-52.95,77.65,87,34,12.26,scattered clouds
294,Tono,JP,2022-05-13 05:54:46,39.3167,141.5333,61.63,98,100,3.09,overcast clouds
295,La Ronge,CA,2022-05-13 05:54:46,55.1001,-105.2842,44.85,65,0,8.05,clear sky
296,Mogadishu,SO,2022-05-13 05:54:46,2.0371,45.3438,84.07,74,40,16.11,scattered clouds
297,Puerto Madero,MX,2022-05-13 05:54:47,14.7208,-92.4215,81.3,77,61,2.73,broken clouds
298,Shebekino,RU,2022-05-13 05:54:48,50.4097,36.9136,60.22,71,74,12.19,broken clouds
299,Kazerun,IR,2022-05-13 05:54:48,29.6195,51.6541,82.76,10,0,10.65,clear sky
300,Otjimbingwe,NA,2022-05-13 05:54:49,-22.35,16.1333,63.52,30,68,5.53,broken clouds
301,Novovasylivka,UA,2022-05-13 05:54:49,46.8315,35.7536,64.62,57,27,15.52,scattered clouds
302,Akyab,MM,2022-05-13 05:54:50,20.15,92.9,86.65,67,67,7.16,broken clouds
303,Usinsk,RU,2022-05-13 05:54:50,65.9939,57.5281,51.93,59,63,18.57,broken clouds
304,Srivardhan,IN,2022-05-13 05:54:51,18.0333,73.0167,87.15,66,91,9.6,overcast clouds
305,Warrnambool,AU,2022-05-13 05:54:51,-38.3833,142.4833,63.81,75,100,6.91,overcast clouds
306,Eyl,SO,2022-05-13 05:54:52,7.9803,49.8164,90.3,52,100,22.32,overcast clouds
307,Saint-Georges,GD,2022-05-13 05:54:52,12.0564,-61.7485,79.27,79,89,17.58,overcast clouds
308,Cabedelo,BR,2022-05-13 05:54:53,-6.9811,-34.8339,75.87,83,28,9.06,scattered clouds
309,Andenes,NO,2022-05-13 05:54:53,69.3143,16.1194,39.18,81,75,13.8,broken clouds
310,Oeiras,BR,2022-05-13 05:54:54,-7.0253,-42.1311,73.17,83,87,2.3,overcast clouds
311,East London,ZA,2022-05-13 05:54:54,-33.0153,27.9116,59.94,72,0,8.05,clear sky
312,Tarauaca,BR,2022-05-13 05:52:27,-8.1614,-70.7656,70.2,99,37,1.83,scattered clouds
313,Ekhabi,RU,2022-05-13 05:54:55,53.5102,142.9671,39.79,92,100,3.6,overcast clouds
314,Thompson,CA,2022-05-13 05:50:06,55.7435,-97.8558,42.96,65,0,8.05,clear sky
315,Marawi,PH,2022-05-13 05:53:16,7.9986,124.2928,77.05,86,100,1.97,overcast clouds
316,Nuevo Casas Grandes,MX,2022-05-13 05:54:56,30.4167,-107.9167,65.61,14,0,4.27,clear sky
317,Chumikan,RU,2022-05-13 05:54:56,54.7183,135.315,37.26,94,100,1.05,overcast clouds
318,Riyadh,SA,2022-05-13 05:50:16,24.6877,46.7219,82.54,9,0,17.25,clear sky
319,Estevan,CA,2022-05-13 05:54:57,49.1334,-102.9842,48.4,87,100,26.46,light rain
320,Mackay,AU,2022-05-13 05:52:14,-21.15,149.2,76.19,84,4,4.74,clear sky
321,Faanui,PF,2022-05-13 05:54:58,-16.4833,-151.75,81.46,74,17,17.58,light rain
322,Mizdah,LY,2022-05-13 05:54:58,31.4451,12.9801,58.14,57,0,3.85,clear sky
323,Poum,NC,2022-05-13 05:54:59,-20.2333,164.0167,76.95,70,100,32.93,overcast clouds
324,Machalpur,IN,2022-05-13 05:55:00,24.1333,76.3,108.07,10,2,10.54,clear sky
325,Lethem,GY,2022-05-13 05:55:00,3.3803,-59.7968,75.96,86,90,9.33,overcast clouds
326,Wichita,US,2022-05-13 05:54:29,37.6922,-97.3375,78.19,67,20,18.41,few clouds
327,Harper,LR,2022-05-13 05:54:49,4.375,-7.7169,76.8,90,94,5.08,overcast clouds
328,Honningsvag,NO,2022-05-13 05:55:01,70.9821,25.9704,35.35,93,75,16.11,light rain
329,Wolfville,CA,2022-05-13 05:55:02,45.0835,-64.3655,48.0,81,64,3.44,broken clouds
330,Challapata,BO,2022-05-13 05:55:02,-18.9,-66.7667,40.77,34,0,4.72,clear sky
331,Tateyama,JP,2022-05-13 05:55:03,34.9833,139.8667,70.11,94,75,4.61,light intensity shower rain
332,Rio Grande,BR,2022-05-13 05:55:03,-32.035,-52.0986,56.55,75,5,5.12,light rain
333,Basco,PH,2022-05-13 05:55:04,20.4487,121.9702,84.09,76,59,14.58,broken clouds
334,Fiche,ET,2022-05-13 05:55:04,9.8,38.7333,64.06,28,11,5.95,few clouds
335,Omsukchan,RU,2022-05-13 05:55:05,62.5333,155.8,37.69,88,16,6.49,few clouds
336,Nkhotakota,MW,2022-05-13 05:55:05,-12.9274,34.2961,72.16,66,0,9.19,clear sky
337,Iringa,TZ,2022-05-13 05:55:06,-7.7667,35.7,60.12,82,40,0.0,scattered clouds
338,Ashwaubenon,US,2022-05-13 05:55:07,44.4822,-88.0701,68.72,70,36,5.01,scattered clouds
339,Nemuro,JP,2022-05-13 05:55:07,43.3236,145.575,46.67,98,100,11.03,overcast clouds
340,Itarema,BR,2022-05-13 05:55:07,-2.9248,-39.9167,75.96,92,44,8.3,scattered clouds
341,Waddan,LY,2022-05-13 05:55:08,29.1614,16.139,62.42,65,0,5.41,clear sky
342,Cherepet,RU,2022-05-13 05:55:08,54.1178,36.3788,54.12,76,81,14.07,broken clouds
343,Le Port,RE,2022-05-13 05:55:09,-20.9373,55.2919,80.56,57,4,2.75,clear sky
344,Champerico,GT,2022-05-13 05:55:09,14.3,-91.9167,82.58,76,6,6.38,clear sky
345,Klaksvik,FO,2022-05-13 05:50:22,62.2266,-6.589,41.92,69,87,22.44,overcast clouds
346,Souillac,MU,2022-05-13 05:55:10,-20.5167,57.5167,77.38,69,40,10.36,scattered clouds
347,Soure,BR,2022-05-13 05:55:11,-0.7167,-48.5233,77.81,86,73,4.74,broken clouds
348,Esperance,AU,2022-05-13 05:55:11,-33.8667,121.9,58.84,73,58,32.64,broken clouds
349,Nelson Bay,AU,2022-05-13 05:55:12,-32.7167,152.15,70.11,99,100,14.47,overcast clouds
350,Sooke,CA,2022-05-13 05:55:12,48.3746,-123.7276,45.97,85,50,28.77,scattered clouds
351,Lunca Corbului,RO,2022-05-13 05:55:13,44.7,24.75,69.94,51,22,0.96,few clouds
352,Ndende,GA,2022-05-13 05:55:13,-2.4008,11.3581,74.79,97,100,1.01,overcast clouds
353,San Juan De Uraba,CO,2022-05-13 05:55:14,8.7592,-76.5297,78.58,88,96,0.43,overcast clouds
354,Dauphin,CA,2022-05-13 05:55:14,51.1494,-100.0502,51.94,76,100,14.97,moderate rain
355,Sherman,US,2022-05-13 05:55:15,33.6357,-96.6089,77.02,75,0,14.97,clear sky
356,Linhares,BR,2022-05-13 05:51:03,-19.3911,-40.0722,68.83,97,35,3.87,scattered clouds
357,Toro,CO,2022-05-13 05:55:15,4.6117,-76.0814,72.28,98,97,0.51,moderate rain
358,Kontagora,NG,2022-05-13 05:55:16,10.3999,5.4695,79.12,72,20,3.83,few clouds
359,Segovia,ES,2022-05-13 05:55:16,41.1667,-4.0,53.44,62,15,4.65,few clouds
360,Jiujiang,CN,2022-05-13 05:55:17,29.7333,115.9833,74.61,64,97,14.32,overcast clouds
361,Nago,JP,2022-05-13 05:55:17,26.5881,127.9761,79.65,88,100,18.34,heavy intensity rain
362,Juegang,CN,2022-05-13 05:55:18,32.3174,121.1855,65.91,63,100,14.29,overcast clouds
363,Nantucket,US,2022-05-13 05:51:58,41.2835,-70.0995,53.74,94,100,5.75,mist
364,Narsaq,GL,2022-05-13 05:55:19,60.9167,-46.05,29.26,86,100,3.78,overcast clouds
365,Port-Gentil,GA,2022-05-13 05:55:19,-0.7193,8.7815,78.76,94,40,3.44,scattered clouds
366,Comodoro Rivadavia,AR,2022-05-13 05:55:19,-45.8667,-67.5,48.06,87,75,8.05,broken clouds
367,Carutapera,BR,2022-05-13 05:55:20,-1.195,-46.02,74.59,95,96,3.44,overcast clouds
368,Lagoa,PT,2022-05-13 05:55:21,39.05,-27.9833,59.25,70,32,10.83,scattered clouds
369,Saposoa,PE,2022-05-13 05:55:21,-6.934,-76.7716,70.59,99,95,1.48,overcast clouds
370,Yima,CN,2022-05-13 05:55:22,34.7381,111.8839,71.98,25,22,5.21,few clouds
371,Mercedes,AR,2022-05-13 05:55:26,-34.6515,-59.4307,50.04,84,90,7.34,overcast clouds
372,Avera,US,2022-05-13 05:55:26,33.194,-82.5271,66.25,95,32,8.05,scattered clouds
373,Avrille,FR,2022-05-13 05:55:27,47.5,-0.5833,53.76,75,86,5.32,overcast clouds
374,Celestun,MX,2022-05-13 05:55:28,20.8667,-90.4,73.54,74,0,11.07,clear sky
375,Vostok,RU,2022-05-13 05:55:28,46.4856,135.8833,52.25,54,100,3.51,overcast clouds
376,San Quintin,MX,2022-05-13 05:52:13,30.4833,-115.95,59.31,77,78,8.08,broken clouds
377,Marsh Harbour,BS,2022-05-13 05:55:29,26.5412,-77.0636,76.44,69,32,11.95,scattered clouds
378,Santo Domingo,DO,2022-05-13 05:55:30,18.5001,-69.9886,77.04,90,82,3.0,broken clouds
379,Muti,PH,2022-05-13 05:55:30,7.2758,122.28,87.53,84,100,3.42,overcast clouds
380,Maningrida,AU,2022-05-13 05:55:30,-12.0667,134.2667,85.86,54,12,9.33,few clouds
381,Nyurba,RU,2022-05-13 05:55:31,63.2842,118.3319,42.84,74,95,8.37,overcast clouds
382,Vokhma,RU,2022-05-13 05:55:32,58.9303,46.7586,49.57,73,93,12.24,overcast clouds
383,Kieta,PG,2022-05-13 05:55:32,-6.2167,155.6333,83.01,73,76,3.89,broken clouds
384,Santa Rosalia,MX,2022-05-13 05:55:33,27.3167,-112.2833,65.91,43,1,5.82,clear sky
385,Loandjili,CG,2022-05-13 05:55:33,-4.7561,11.8578,78.91,94,75,5.75,broken clouds
386,Kushima,JP,2022-05-13 05:55:34,31.4583,131.2333,72.23,98,100,5.59,moderate rain
387,Palu,ID,2022-05-13 05:55:34,-0.8917,119.8707,83.95,86,99,3.29,overcast clouds
388,Boguchany,RU,2022-05-13 05:55:35,58.3814,97.4531,69.93,25,61,3.13,broken clouds
389,Yulara,AU,2022-05-13 05:55:36,-25.2406,130.9889,84.76,23,47,16.73,scattered clouds
390,Ucluelet,CA,2022-05-13 05:52:02,48.9329,-125.5528,46.09,80,53,1.01,broken clouds
391,Jamame,SO,2022-05-13 05:55:36,0.0722,42.7506,85.01,61,34,13.65,scattered clouds
392,Yelan,RU,2022-05-13 05:55:37,50.949,43.7378,59.61,74,93,18.7,overcast clouds
393,Sakakah,SA,2022-05-13 05:55:37,29.9697,40.2064,74.77,15,0,3.0,clear sky
394,San Rafael,AR,2022-05-13 05:55:19,-34.6177,-68.3301,57.36,59,72,6.71,broken clouds
395,Stromness,GB,2022-05-13 05:55:38,58.965,-3.296,48.16,87,100,14.0,overcast clouds
396,Tau,NO,2022-05-13 05:55:39,59.0667,5.9,49.23,93,89,10.09,light rain
397,Barwala,IN,2022-05-13 05:55:39,29.3833,75.9167,111.51,6,0,10.02,clear sky
398,Abu Zabad,SD,2022-05-13 05:55:40,12.35,29.25,86.31,46,20,11.39,few clouds
399,Leningradskiy,RU,2022-05-13 05:55:40,69.3833,178.4167,31.08,80,50,6.55,scattered clouds
400,Abnub,EG,2022-05-13 05:55:41,27.2696,31.1511,73.62,15,0,10.0,clear sky
401,Cidreira,BR,2022-05-13 05:55:42,-30.1811,-50.2056,55.65,89,4,5.5,clear sky
402,Formosa Do Rio Preto,BR,2022-05-13 05:55:42,-11.0483,-45.1931,67.33,71,20,2.04,few clouds
403,Nove Hrady,CZ,2022-05-13 05:55:42,48.7896,14.7784,58.53,93,100,9.48,light rain
404,Loiza,PR,2022-05-13 05:55:43,18.4313,-65.8802,79.07,83,40,8.05,scattered clouds
405,Launceston,AU,2022-05-13 05:55:44,-41.45,147.1667,65.84,69,100,8.05,overcast clouds
406,Coron,PH,2022-05-13 05:55:44,11.9986,120.2043,87.42,66,82,5.99,broken clouds
407,Asfi,MA,2022-05-13 05:55:45,32.2994,-9.2372,64.78,83,8,4.41,clear sky
408,Portland,US,2022-05-13 05:53:27,45.5234,-122.6762,45.18,85,13,3.0,few clouds
409,Hambantota,LK,2022-05-13 05:55:45,6.1241,81.1185,88.14,74,40,18.41,light rain
410,Sola,VU,2022-05-13 05:53:28,-13.8833,167.55,79.65,79,100,18.5,overcast clouds
411,Sorland,NO,2022-05-13 05:55:46,67.667,12.6934,42.66,85,100,14.85,overcast clouds
412,Stokmarknes,NO,2022-05-13 05:55:47,68.5646,14.9108,40.96,87,75,10.36,broken clouds
413,Chipurupalle,IN,2022-05-13 05:55:47,18.3,83.5667,93.47,47,3,12.3,clear sky
414,Richards Bay,ZA,2022-05-13 05:55:48,-28.783,32.0377,68.09,72,0,5.32,clear sky
415,Shajapur,IN,2022-05-13 05:55:48,23.4333,76.2667,107.38,10,0,9.57,clear sky
416,Yuli,NG,2022-05-13 05:55:49,9.6989,10.2744,82.13,64,83,4.36,broken clouds
417,Mitchell,US,2022-05-13 05:51:40,43.7094,-98.0298,60.78,74,0,9.22,clear sky
418,Les Cayes,HT,2022-05-13 05:55:50,18.2,-73.75,77.47,79,100,6.6,overcast clouds
419,Rawson,AR,2022-05-13 05:55:50,-43.3002,-65.1023,52.34,67,64,28.57,broken clouds
420,Clyde River,CA,2022-05-13 05:55:51,70.4692,-68.5914,14.23,67,0,12.66,clear sky
421,Simao,CN,2022-05-13 05:55:51,22.7886,100.9748,77.72,66,84,4.5,broken clouds
422,Havoysund,NO,2022-05-13 05:55:52,70.9963,24.6622,35.83,99,100,20.04,light rain
423,Katherine,AU,2022-05-13 05:55:52,-14.4667,132.2667,91.72,31,75,6.91,broken clouds
424,Ketchikan,US,2022-05-13 05:55:53,55.3422,-131.6461,44.58,90,99,3.15,overcast clouds
425,Luba,GQ,2022-05-13 05:55:53,3.4568,8.5547,81.07,81,100,3.8,overcast clouds
426,Makakilo City,US,2022-05-13 05:55:54,21.3469,-158.0858,74.95,70,100,13.8,overcast clouds
427,Qianjiang,CN,2022-05-13 05:55:54,30.4151,112.8859,71.17,60,79,14.29,broken clouds
428,Zhetysay,KZ,2022-05-13 05:55:55,40.7333,68.3,76.96,42,100,4.92,overcast clouds
429,Ponta Delgada,PT,2022-05-13 05:55:56,37.7333,-25.6667,61.5,82,75,5.75,broken clouds
430,San Patricio,US,2022-05-13 05:55:56,28.017,-97.5169,78.84,84,0,9.91,clear sky
431,Prince Rupert,CA,2022-05-13 05:52:10,54.3161,-130.3201,44.29,81,40,3.44,scattered clouds
432,Coronado,US,2022-05-13 05:55:57,32.6859,-117.1831,66.76,53,0,1.01,clear sky
433,Yuancheng,CN,2022-05-13 05:55:57,36.652,107.7896,57.25,20,89,10.51,overcast clouds
434,Vilhena,BR,2022-05-13 05:55:58,-12.7406,-60.1458,66.87,87,43,2.3,scattered clouds
435,Moron,AR,2022-05-13 05:55:58,-34.6534,-58.6198,58.75,80,99,4.7,overcast clouds
436,Kuah,MY,2022-05-13 05:55:59,6.3265,99.8432,91.38,66,40,5.75,scattered clouds
437,Yenagoa,NG,2022-05-13 05:55:59,4.9247,6.2642,77.36,92,79,1.92,broken clouds
438,Tuatapere,NZ,2022-05-13 05:56:00,-46.1333,167.6833,52.32,82,100,5.37,overcast clouds
439,Wairoa,NZ,2022-05-13 05:56:01,-39.0333,177.3667,52.56,86,31,4.16,scattered clouds
440,Tygda,RU,2022-05-13 05:56:01,53.1167,126.3333,51.46,39,86,7.52,overcast clouds
441,Luganville,VU,2022-05-13 05:56:02,-15.5333,167.1667,77.47,83,100,16.96,overcast clouds
442,Tanabe,JP,2022-05-13 05:56:02,33.7333,135.3667,70.81,100,75,5.75,light intensity shower rain
443,Inhambane,MZ,2022-05-13 05:56:03,-23.865,35.3833,64.38,94,20,4.61,few clouds
444,Gorele,TR,2022-05-13 05:56:04,41.0308,39.0031,61.14,45,0,4.34,clear sky
445,Bara,NG,2022-05-13 05:56:04,10.3744,10.7288,82.63,61,8,7.67,clear sky
446,Saint-Francois,FR,2022-05-13 05:56:05,46.4154,3.9054,60.67,94,100,3.44,overcast clouds
447,Mount Isa,AU,2022-05-13 05:56:05,-20.7333,139.5,78.57,34,0,3.44,clear sky
448,Platteville,US,2022-05-13 05:56:06,42.7342,-90.4785,78.87,78,0,9.22,clear sky
449,Jiangyou,CN,2022-05-13 05:56:06,31.7667,104.7167,66.69,75,100,5.06,overcast clouds
450,Acajutla,SV,2022-05-13 05:56:07,13.5928,-89.8275,81.01,66,0,6.42,clear sky
451,Mocuba,MZ,2022-05-13 05:56:07,-16.8392,36.9856,70.03,89,10,3.04,light rain
452,Mehamn,NO,2022-05-13 05:56:08,71.0357,27.8492,37.31,99,99,19.53,light rain
453,Bandar,ID,2022-05-13 05:56:08,2.05,99.75,91.44,54,100,3.38,overcast clouds
454,Moose Factory,CA,2022-05-13 05:56:09,51.2585,-80.6094,48.2,87,100,4.61,overcast clouds
455,Isparta,TR,2022-05-13 06:02:08,38.0,31.0,57.79,44,17,1.97,few clouds
456,Yagodnoye,RU,2022-05-13 06:03:32,62.55,149.6667,38.57,99,69,2.93,broken clouds
457,Fort Nelson,CA,2022-05-13 06:03:33,58.8053,-122.7002,38.82,96,96,3.58,overcast clouds
458,Nioro,GM,2022-05-13 06:03:33,13.35,-15.75,74.14,74,42,6.49,scattered clouds
459,Ocos,GT,2022-05-13 06:03:34,14.5094,-92.1933,77.18,78,13,5.61,few clouds
460,Airai,TL,2022-05-13 06:03:34,-8.9266,125.4092,69.94,75,84,1.92,broken clouds
461,Tual,ID,2022-05-13 06:03:35,-5.6667,132.75,84.34,69,28,0.16,scattered clouds
462,Coquimbo,CL,2022-05-13 05:59:47,-29.9533,-71.3436,51.53,93,0,9.22,clear sky
463,Smithers,CA,2022-05-13 06:03:35,54.7804,-127.1743,39.52,93,100,2.3,light rain
464,Kuching,MY,2022-05-13 06:03:36,1.55,110.3333,91.62,66,40,7.0,scattered clouds
465,Cooma,AU,2022-05-13 06:03:36,-36.2333,149.1333,64.4,76,56,4.56,broken clouds
466,Zeya,RU,2022-05-13 06:03:37,53.75,127.2667,51.94,43,100,5.86,overcast clouds
467,Riohacha,CO,2022-05-13 06:03:37,11.5444,-72.9072,77.85,89,87,8.3,overcast clouds
468,Victor Harbor,AU,2022-05-13 06:03:38,-35.5667,138.6167,66.69,79,81,3.96,broken clouds
469,Chokwe,MZ,2022-05-13 06:03:38,-24.5333,32.9833,70.03,70,0,8.01,clear sky
470,Ergani,TR,2022-05-13 06:03:39,38.2653,39.7621,59.92,40,0,10.6,clear sky
471,Mingaora,PK,2022-05-13 06:03:39,34.7758,72.3625,94.17,15,0,6.11,clear sky
472,Dakar,SN,2022-05-13 06:03:40,14.6937,-17.4441,70.68,85,54,8.63,broken clouds
473,Charters Towers,AU,2022-05-13 06:01:35,-20.1,146.2667,78.78,55,58,9.08,broken clouds
474,Oranjemund,NA,2022-05-13 06:03:40,-28.55,16.4333,52.18,79,51,5.86,broken clouds
475,Magway,MM,2022-05-13 06:03:41,20.15,94.9167,99.55,35,8,9.73,clear sky
476,Preobrazheniye,RU,2022-05-13 06:03:41,42.9019,133.9064,54.77,57,100,4.61,overcast clouds
477,Gao,ML,2022-05-13 06:02:15,16.6362,1.637,84.38,9,9,5.46,clear sky
478,Kita,ML,2022-05-13 06:03:42,13.0349,-9.4895,84.06,39,96,6.11,overcast clouds
479,Marsa Matruh,EG,2022-05-13 06:03:42,31.3525,27.2453,68.49,60,92,8.39,overcast clouds
480,Mareeba,AU,2022-05-13 06:03:43,-17.0,145.4333,82.44,62,0,3.22,clear sky
481,La Asuncion,VE,2022-05-13 06:03:43,11.0333,-63.8628,77.99,86,87,17.16,overcast clouds
482,Port Moresby,PG,2022-05-13 06:03:44,-9.4431,147.1797,79.41,81,100,4.34,overcast clouds
483,Ratnagiri,IN,2022-05-13 06:03:44,16.9833,73.3,89.4,61,97,11.63,overcast clouds
484,Mozarlandia,BR,2022-05-13 06:03:45,-14.7447,-50.5706,72.73,63,90,4.45,overcast clouds
485,Baykit,RU,2022-05-13 06:03:45,61.67,96.37,59.88,51,97,3.62,overcast clouds
486,Jiazi,CN,2022-05-13 06:03:46,22.8779,116.067,75.92,95,100,17.18,moderate rain
487,Zenzeli,RU,2022-05-13 06:03:47,45.9241,47.0474,64.27,46,59,18.68,broken clouds
488,Sorong,ID,2022-05-13 06:03:47,-0.8833,131.25,84.04,77,80,6.26,broken clouds
489,Eenhana,NA,2022-05-13 06:03:48,-17.4667,16.3333,57.47,42,0,5.95,clear sky
490,Nalut,LY,2022-05-13 06:03:48,30.3333,10.85,59.63,48,0,9.66,clear sky
491,Umm Kaddadah,SD,2022-05-13 06:03:49,13.6017,26.6876,82.71,46,98,7.78,overcast clouds
492,High Level,CA,2022-05-13 06:00:07,58.5169,-117.136,43.99,93,81,5.66,broken clouds
493,Najran,SA,2022-05-13 06:03:50,17.4924,44.1277,85.5,12,8,8.97,clear sky
494,Kupang,ID,2022-05-13 06:01:10,-10.1667,123.5833,85.06,66,84,6.51,broken clouds
495,Chardara,KZ,2022-05-13 06:03:51,41.2547,67.9692,74.93,47,100,5.68,moderate rain
496,Kawalu,ID,2022-05-13 06:03:51,-7.3817,108.2082,88.2,58,78,3.85,broken clouds
497,Pechenizhyn,UA,2022-05-13 06:03:52,48.5155,24.8942,63.59,86,66,1.68,broken clouds
498,Shenjiamen,CN,2022-05-13 06:03:52,29.9576,122.298,61.68,94,100,12.86,moderate rain
499,Poninka,UA,2022-05-13 06:03:53,50.1849,27.5363,57.51,75,57,2.71,broken clouds
500,Vila Franca Do Campo,PT,2022-05-13 06:03:53,37.7167,-25.4333,61.2,87,81,7.9,broken clouds
501,Atar,MR,2022-05-13 06:02:30,20.5169,-13.0499,84.45,22,4,11.39,clear sky
502,Partenit,UA,2022-05-13 06:03:54,44.578,34.3446,61.34,60,1,8.52,clear sky
503,Bilma,NE,2022-05-13 06:03:55,18.6853,12.9164,79.29,22,0,20.6,clear sky
504,Odessa,UA,2022-05-13 06:03:13,46.4775,30.7326,67.78,57,4,5.61,clear sky
505,Kerur,IN,2022-05-13 06:03:55,16.0167,75.5667,84.04,55,100,16.82,overcast clouds
506,Buala,SB,2022-05-13 06:03:56,-8.145,159.5921,82.38,77,96,2.75,overcast clouds
507,Urucara,BR,2022-05-13 06:03:56,-2.5364,-57.76,73.33,98,75,2.68,broken clouds
508,Anadyr,RU,2022-05-13 06:03:57,64.75,177.4833,41.5,56,0,4.47,clear sky
509,Uniontown,US,2022-05-13 06:03:57,39.9001,-79.7164,66.58,91,28,5.3,scattered clouds
510,Paamiut,GL,2022-05-13 06:03:58,61.994,-49.6678,30.74,80,100,16.89,overcast clouds
511,Hami,CN,2022-05-13 06:03:59,42.8,93.45,71.35,10,100,11.63,overcast clouds
512,Seljord,NO,2022-05-13 06:03:59,59.4894,8.634,43.41,64,86,3.51,overcast clouds
513,Maarianhamina,AX,2022-05-13 06:04:00,60.0973,19.9348,48.06,66,0,6.91,clear sky
514,Turkmenabat,TM,2022-05-13 06:04:00,39.0733,63.5786,75.78,37,100,19.35,overcast clouds
515,Asau,RO,2022-05-13 06:04:01,46.4333,26.4,71.96,44,29,2.15,scattered clouds
516,Namibe,AO,2022-05-13 06:04:01,-15.1961,12.1522,71.96,67,0,4.56,clear sky
517,Ugep,NG,2022-05-13 06:04:02,5.8086,8.0812,74.26,96,90,3.13,overcast clouds
518,Ho Chi Minh City,VN,2022-05-13 06:04:02,10.75,106.6667,95.02,49,75,6.91,broken clouds
519,El Sauzal,MX,2022-05-13 06:04:03,31.9,-116.6833,56.41,77,4,4.41,clear sky
520,Plettenberg Bay,ZA,2022-05-13 06:04:03,-34.0527,23.3716,58.39,63,1,6.15,clear sky
521,Peleduy,RU,2022-05-13 06:04:04,59.6289,112.7406,59.27,51,76,9.86,light rain
522,Labuhan,ID,2022-05-13 06:04:04,-6.8844,112.2051,89.24,60,18,2.66,few clouds
523,Pingyi,CN,2022-05-13 06:04:05,35.5006,117.6308,66.34,46,81,3.76,broken clouds
524,Dasoguz,TM,2022-05-13 06:04:05,41.8363,59.9666,73.49,39,37,15.77,scattered clouds
525,Santa Cecilia,BR,2022-05-13 06:04:06,-26.9608,-50.4269,42.57,99,1,1.88,clear sky
526,Atambua,ID,2022-05-13 06:04:06,-9.1061,124.8925,81.46,69,58,3.94,broken clouds
527,Yarmouth,US,2022-05-13 06:04:07,41.7057,-70.2286,55.98,98,100,1.99,fog
528,Tabou,CI,2022-05-13 06:04:07,4.423,-7.3528,76.33,92,90,5.53,overcast clouds
529,San Cristobal,VE,2022-05-13 06:04:08,7.7669,-72.225,66.13,97,94,3.4,overcast clouds
530,Luderitz,NA,2022-05-13 06:04:09,-26.6481,15.1594,56.12,67,100,9.44,overcast clouds
531,Santa Rosa,PH,2022-05-13 06:02:39,14.3122,121.1114,97.11,58,38,5.37,scattered clouds
532,Jinji,CN,2022-05-13 06:04:09,23.2281,110.8261,69.51,98,100,4.32,light rain
533,Tilichiki,RU,2022-05-13 06:04:10,60.4667,166.1,38.35,78,89,2.24,overcast clouds
534,Takapau,NZ,2022-05-13 06:04:10,-40.0333,176.35,49.73,94,59,2.89,broken clouds
535,Ulety,RU,2022-05-13 06:04:11,51.3572,112.4849,57.76,31,100,9.84,overcast clouds
536,Caranavi,BO,2022-05-13 06:04:11,-15.8167,-67.55,60.89,95,67,1.05,broken clouds
537,Tocache,PE,2022-05-13 06:04:12,-8.1842,-76.5125,66.99,99,84,0.6,broken clouds
538,Bayan,CN,2022-05-13 06:04:12,46.0833,127.4,58.26,32,64,0.65,broken clouds
539,Lamu,KE,2022-05-13 06:04:13,-2.2717,40.902,82.38,71,55,13.33,broken clouds
540,Bangolo,CI,2022-05-13 06:04:14,7.0069,-7.475,72.95,98,100,1.05,overcast clouds
541,Korla,CN,2022-05-13 06:04:14,41.7597,86.1469,72.91,22,80,10.07,broken clouds
542,Naduvattam,IN,2022-05-13 06:04:15,11.4833,76.5667,66.7,75,91,5.55,light rain
543,Xining,CN,2022-05-13 06:04:16,36.6167,101.7667,46.99,65,100,8.61,overcast clouds
544,Ambunti,PG,2022-05-13 06:04:17,-4.2365,142.8448,90.19,54,97,1.03,overcast clouds
545,Ossora,RU,2022-05-13 06:04:17,59.2353,163.0719,35.33,96,98,3.67,overcast clouds
546,Yar-Sale,RU,2022-05-13 06:04:17,66.8333,70.8333,38.44,100,100,14.43,overcast clouds
547,Mehran,IR,2022-05-13 06:04:18,33.1222,46.1646,84.6,16,0,19.08,clear sky
548,Wilmington,US,2022-05-13 06:00:07,34.2257,-77.9447,66.11,89,98,8.57,overcast clouds
549,Beringovskiy,RU,2022-05-13 06:04:19,63.05,179.3167,34.83,84,42,4.74,scattered clouds
550,Ahuimanu,US,2022-05-13 06:04:19,21.4447,-157.8378,78.51,74,75,17.27,broken clouds
551,San Bartolome,ES,2022-05-13 06:04:20,27.9248,-15.5733,57.31,75,75,2.3,broken clouds
552,Banon,ES,2022-05-13 06:04:20,40.8382,-1.1909,51.06,87,49,2.3,scattered clouds
553,Kadoshkino,RU,2022-05-13 06:04:21,54.0257,44.4191,54.37,82,87,20.42,overcast clouds
554,Bozdar,PK,2022-05-13 06:04:22,27.1828,68.636,113.05,5,0,5.48,clear sky
555,Shingu,JP,2022-05-13 06:04:22,33.7333,135.9833,68.32,99,100,2.59,heavy intensity rain
556,Walvis Bay,NA,2022-05-13 06:04:23,-22.9575,14.5053,58.21,75,95,6.53,overcast clouds
557,Esso,RU,2022-05-13 06:04:23,55.9333,158.7,39.13,100,100,3.78,overcast clouds
558,Vao,NC,2022-05-13 06:04:24,-22.6667,167.4833,73.2,61,100,25.88,overcast clouds
559,Nioki,CD,2022-05-13 06:04:24,-2.7167,17.6833,73.76,86,73,1.74,broken clouds
560,Sayat,TM,2022-05-13 06:04:25,38.7839,63.8803,78.33,31,100,18.3,overcast clouds
561,Cayeli,TR,2022-05-13 06:04:25,41.0923,40.7292,61.12,48,0,5.3,clear sky
562,Awjilah,LY,2022-05-13 06:04:26,29.1081,21.2869,67.37,74,64,1.95,light rain
563,Kysyl-Syr,RU,2022-05-13 06:04:26,63.8986,122.7617,36.95,88,100,6.22,overcast clouds
564,Liverpool,GB,2022-05-13 06:04:27,53.4106,-2.9779,54.61,75,40,19.57,scattered clouds
565,Saldanha,ZA,2022-05-13 06:04:31,-33.0117,17.9442,56.12,89,10,6.2,clear sky
566,San Narciso,PH,2022-05-13 06:04:31,15.0143,120.0803,87.42,64,89,11.59,overcast clouds
567,Baoying,CN,2022-05-13 06:04:32,33.2292,119.3092,68.29,53,67,17.43,broken clouds
568,Dunedin,NZ,2022-05-13 06:02:31,-45.8742,170.5036,53.8,75,95,1.99,overcast clouds
569,Barabinsk,RU,2022-05-13 06:04:33,55.3571,78.357,72.25,18,100,3.85,overcast clouds
570,Ondangwa,NA,2022-05-13 06:04:33,-17.9167,15.95,59.5,37,0,7.4,clear sky
571,Meadow Lake,US,2022-05-13 06:02:40,34.8014,-106.5436,62.67,15,0,3.51,clear sky
572,General Roca,AR,2022-05-13 06:04:34,-39.0333,-67.5833,51.87,54,32,18.34,scattered clouds
573,Baiao,BR,2022-05-13 06:04:35,-2.7906,-49.6717,72.54,100,97,0.74,overcast clouds
574,Wattegama,LK,2022-05-13 06:04:35,6.7989,81.4808,92.75,47,71,11.83,broken clouds
575,Narrabri,AU,2022-05-13 06:04:36,-30.3167,149.7833,69.53,87,100,1.01,light rain
576,Kaputa,ZM,2022-05-13 06:04:37,-8.4689,29.6619,69.91,69,82,2.73,broken clouds
577,Faya,SA,2022-05-13 06:04:37,18.3851,42.4509,79.32,17,4,7.9,clear sky
578,Laguna,US,2022-05-13 06:04:38,38.421,-121.4238,58.75,72,0,6.91,clear sky
579,Vavoua,CI,2022-05-13 06:04:38,7.3819,-6.4778,72.99,99,100,1.07,overcast clouds
580,Tommot,RU,2022-05-13 06:04:39,58.9564,126.2925,42.8,88,100,5.57,overcast clouds
581,Yerofey Pavlovich,RU,2022-05-13 06:04:39,53.9667,121.9667,45.5,60,100,1.92,light rain
582,Qostanay,KZ,2022-05-13 06:04:40,53.1667,63.5833,55.69,82,75,11.18,broken clouds
583,Rio Brilhante,BR,2022-05-13 06:01:34,-21.8019,-54.5464,56.21,87,0,3.18,clear sky
584,Lithakia,GR,2022-05-13 06:04:41,37.7167,20.8333,67.28,83,40,0.0,scattered clouds
585,Chute-Aux-Outardes,CA,2022-05-13 06:04:41,49.1168,-68.399,60.78,48,100,6.91,overcast clouds
586,Aleksandrov Gay,RU,2022-05-13 06:04:42,50.147,48.5704,57.38,70,100,22.64,light rain
587,Karratha,AU,2022-05-13 06:02:04,-20.7377,116.8463,79.9,71,85,9.95,overcast clouds
588,Dhidhdhoo,MV,2022-05-13 06:04:42,6.8833,73.1,83.82,78,83,21.16,moderate rain
589,Wilkie,CA,2022-05-13 06:04:43,52.4168,-108.7014,46.89,59,93,6.2,overcast clouds
590,Berlevag,NO,2022-05-13 06:04:43,70.8578,29.0864,37.35,81,100,23.02,overcast clouds
591,Lubango,AO,2022-05-13 06:04:44,-14.9172,13.4925,58.24,48,0,1.66,clear sky
592,Camopi,GF,2022-05-13 06:04:44,3.1655,-52.3158,70.7,100,36,1.74,scattered clouds
593,Chapais,CA,2022-05-13 06:04:45,49.7834,-74.8492,52.88,96,92,4.92,overcast clouds
594,Nadym,RU,2022-05-13 06:04:45,65.5333,72.5167,49.17,82,98,6.4,overcast clouds
595,Severobaykalsk,RU,2022-05-13 06:04:46,55.65,109.3167,47.73,57,90,2.89,overcast clouds
596,Vega De Alatorre,MX,2022-05-13 06:04:46,20.0333,-96.6333,76.75,83,27,7.58,scattered clouds
597,Iqaluit,CA,2022-05-13 06:00:28,63.7506,-68.5145,1.58,96,55,4.61,broken clouds
598,Jalaun,IN,2022-05-13 06:04:47,26.1451,79.3366,112.77,10,1,10.02,clear sky
599,La Palma,US,2022-05-13 06:04:48,33.8464,-118.0467,71.82,49,0,4.61,clear sky
600,Diffa,NE,2022-05-13 06:04:48,13.3154,12.6113,89.67,32,66,2.59,broken clouds
601,Belaya Gora,RU,2022-05-13 06:04:49,68.5333,146.4167,42.57,79,54,8.03,broken clouds
602,Shache,CN,2022-05-13 06:04:49,38.4167,77.2406,71.24,37,96,3.94,overcast clouds
603,Kayerkan,RU,2022-05-13 06:04:50,69.3497,87.7602,39.52,80,100,6.62,overcast clouds
604,Mpika,ZM,2022-05-13 06:04:50,-11.8343,31.4529,62.82,72,9,6.38,clear sky
605,Shawnee,US,2022-05-13 06:04:51,39.05,-95.7669,80.28,63,0,11.81,clear sky
606,Jumla,NP,2022-05-13 06:03:05,29.2747,82.1838,70.09,45,36,6.89,scattered clouds
607,Northam,GB,2022-05-13 06:04:52,51.0333,-4.2167,53.62,89,99,14.5,overcast clouds
608,Kavaratti,IN,2022-05-13 06:04:52,10.5669,72.642,84.61,73,100,13.24,overcast clouds
609,Mus,TR,2022-05-13 06:04:53,39.0,41.75,50.04,64,4,6.2,clear sky
610,Naryan-Mar,RU,2022-05-13 06:04:53,67.6713,53.087,40.55,100,100,9.95,overcast clouds
611,Sabla,NG,2022-05-13 06:04:54,12.7525,4.7077,86.18,52,2,9.55,clear sky
612,Togur,RU,2022-05-13 06:04:54,58.3631,82.8265,70.97,22,88,5.68,overcast clouds
613,Bartica,GY,2022-05-13 06:04:55,6.4,-58.6167,73.72,99,95,0.87,overcast clouds
614,Washington,US,2022-05-13 06:04:00,47.5001,-120.5015,42.93,78,55,5.57,broken clouds
615,Port Hedland,AU,2022-05-13 06:04:55,-20.3167,118.5667,84.25,70,40,12.66,light rain
616,Zapolyarnyy,RU,2022-05-13 06:04:56,69.4154,30.8136,38.48,94,93,6.76,overcast clouds
617,Catuday,PH,2022-05-13 06:04:56,16.2923,119.8062,86.18,64,39,12.21,scattered clouds
618,Sur,OM,2022-05-13 06:04:57,22.5667,59.5289,98.71,28,32,3.69,scattered clouds
619,Tomatlan,MX,2022-05-13 06:04:57,19.9333,-105.25,73.69,77,54,3.24,broken clouds
620,Namatanai,PG,2022-05-13 06:04:58,-3.6667,152.4333,83.64,67,96,8.75,overcast clouds
621,Urumqi,CN,2022-05-13 06:04:51,43.801,87.6005,72.55,19,20,17.9,few clouds
622,Westport,US,2022-05-13 06:02:45,41.1415,-73.3579,63.41,96,100,9.22,mist
623,Cananea,MX,2022-05-13 06:04:59,30.95,-110.3,54.3,11,2,5.37,clear sky
624,Kaka,TM,2022-05-13 06:05:00,37.3482,59.6143,63.97,67,100,13.53,overcast clouds
625,Lilongwe,MW,2022-05-13 06:05:00,-13.9669,33.7873,65.37,61,0,2.62,clear sky
626,Wajima,JP,2022-05-13 06:05:00,37.4,136.9,62.53,94,100,7.27,moderate rain
627,Taltal,CL,2022-05-13 06:01:30,-25.4,-70.4833,58.71,80,29,2.35,scattered clouds
628,Jalu,LY,2022-05-13 06:05:01,29.0331,21.5482,70.16,56,43,6.06,scattered clouds
629,Ust-Kut,RU,2022-05-13 06:05:02,56.7938,105.7672,67.28,21,52,5.84,broken clouds
630,Dawei,MM,2022-05-13 06:05:02,14.0833,98.2,77.92,94,100,3.91,light rain
631,Ardakan,IR,2022-05-13 06:05:03,32.31,54.0175,75.54,21,0,10.89,clear sky
632,Bonavista,CA,2022-05-13 06:05:03,48.6499,-53.1147,35.8,82,7,7.96,clear sky
633,Kendari,ID,2022-05-13 06:05:04,-3.945,122.4989,84.87,76,85,2.66,light rain
634,Mangrol,IN,2022-05-13 06:05:04,21.1167,70.1167,89.4,60,4,14.85,clear sky
635,Ozernovskiy,RU,2022-05-13 06:05:05,51.5,156.5167,40.69,90,63,6.33,broken clouds
636,San Joaquin,US,2022-05-13 06:05:05,37.9333,-121.3011,55.98,65,0,4.61,clear sky
637,Kasama,ZM,2022-05-13 06:05:01,-10.2129,31.1808,63.18,67,32,6.13,scattered clouds
638,Constitucion,CL,2022-05-13 06:02:44,-35.3333,-72.4167,51.28,91,38,6.73,scattered clouds
639,Sao Felix Do Xingu,BR,2022-05-13 06:05:06,-6.6447,-51.995,72.18,93,75,1.14,broken clouds
640,Galesong,ID,2022-05-13 06:05:06,-5.3166,119.3661,87.82,68,66,4.12,broken clouds
641,Nokaneng,BW,2022-05-13 06:05:07,-19.6667,22.2667,63.3,30,0,4.25,clear sky
642,Panama City,PA,2022-05-13 06:01:15,8.9936,-79.5197,81.18,84,40,6.91,scattered clouds
643,Kansanshi,ZM,2022-05-13 06:05:07,-12.0951,26.4273,61.77,65,1,5.64,clear sky
644,Coos Bay,US,2022-05-13 06:00:20,43.3665,-124.2179,47.32,99,91,1.92,overcast clouds
645,Sandwick,GB,2022-05-13 06:05:08,60.0,-1.25,46.22,93,75,10.36,light rain
646,Beloha,MG,2022-05-13 06:05:09,-25.1667,45.05,70.72,65,1,12.15,clear sky
647,Neuquen,AR,2022-05-13 06:05:09,-38.9516,-68.0591,51.96,51,17,17.09,few clouds
648,Sawakin,SD,2022-05-13 06:05:09,19.1059,37.3321,91.36,30,1,5.53,clear sky
649,Pervomayskoye,RU,2022-05-13 06:05:10,43.919,46.7102,65.39,50,18,9.8,few clouds
650,Vestmannaeyjar,IS,2022-05-13 06:05:10,63.4427,-20.2734,36.0,64,7,15.12,clear sky
651,Salinas,US,2022-05-13 06:01:22,36.6777,-121.6555,55.44,73,3,1.19,clear sky
652,Hibbing,US,2022-05-13 06:05:11,47.4272,-92.9377,61.95,80,100,9.22,heavy intensity rain
653,Mecca,SA,2022-05-13 06:01:39,21.4267,39.8261,103.93,7,0,15.48,clear sky
654,Balikpapan,ID,2022-05-13 06:00:37,-1.2675,116.8289,80.51,79,100,0.89,overcast clouds
655,Shobara,JP,2022-05-13 06:04:11,34.85,133.0167,65.25,100,100,0.81,light rain
656,Birao,CF,2022-05-13 06:05:12,10.2849,22.7882,82.69,48,97,3.49,overcast clouds
657,Baherden,TM,2022-05-13 06:05:13,38.4362,57.4316,67.95,56,98,5.61,light rain
658,Roma,US,2022-05-13 06:05:13,43.2128,-75.4557,67.87,79,0,4.61,clear sky
659,Carballo,ES,2022-05-13 06:05:14,43.213,-8.691,56.91,91,94,2.19,overcast clouds
660,Pacific Grove,US,2022-05-13 06:05:14,36.6177,-121.9166,55.42,81,0,18.99,clear sky
661,Sokol,RU,2022-05-13 06:05:15,59.4617,40.1206,44.8,89,100,12.08,overcast clouds
662,Vitim,RU,2022-05-13 06:05:15,59.4511,112.5578,59.83,50,81,9.15,light rain
663,Ostersund,SE,2022-05-13 06:05:16,63.1792,14.6357,45.05,57,0,6.91,clear sky
664,Baghdad,IQ,2022-05-13 06:03:25,33.3406,44.4009,83.41,19,0,15.03,clear sky
665,Batticaloa,LK,2022-05-13 06:05:16,7.7102,81.6924,89.4,58,54,3.2,broken clouds
666,Sorrento,IT,2022-05-13 06:05:17,40.626,14.3744,66.65,81,11,4.41,few clouds
667,Kununurra,AU,2022-05-13 06:05:17,-15.7667,128.7333,93.18,33,36,8.05,scattered clouds
668,Havre-Saint-Pierre,CA,2022-05-13 06:05:18,50.2334,-63.5986,45.07,67,100,6.8,overcast clouds
669,Tripoli,LY,2022-05-13 06:02:41,32.8752,13.1875,64.26,73,0,2.64,clear sky
670,Roald,NO,2022-05-13 06:05:18,62.5833,6.1333,47.34,81,75,12.66,moderate rain
671,Grand Gaube,MU,2022-05-13 06:05:19,-20.0064,57.6608,80.38,66,36,5.01,scattered clouds
672,Kropotkin,RU,2022-05-13 06:05:19,45.4375,40.5756,58.84,61,48,18.37,scattered clouds
673,Cotonou,BJ,2022-05-13 06:05:20,6.3654,2.4183,81.18,82,92,6.15,overcast clouds
674,Nouadhibou,MR,2022-05-13 06:05:20,20.931,-17.0347,66.24,81,47,20.04,scattered clouds
675,Kimberley,ZA,2022-05-13 06:05:21,-28.7323,24.7623,42.49,81,0,4.61,clear sky
676,Mirnyy,RU,2022-05-13 06:05:21,62.5353,113.9611,46.67,81,100,8.9,light rain
677,Ginir,ET,2022-05-13 06:05:22,7.1333,40.7,69.87,54,78,2.19,broken clouds
678,Lyngseidet,NO,2022-05-13 06:05:22,69.5763,20.2189,35.6,98,100,4.34,overcast clouds
679,Ateli,IN,2022-05-13 06:05:23,28.1,76.2833,112.32,6,0,15.46,clear sky
680,Kungurtug,RU,2022-05-13 06:05:24,50.5994,97.5228,57.13,16,19,2.59,few clouds
681,Kasempa,ZM,2022-05-13 06:05:24,-13.4584,25.8338,63.39,65,0,5.75,clear sky
682,Port Hardy,CA,2022-05-13 06:05:25,50.6996,-127.4199,40.23,83,67,6.58,broken clouds
683,Hastings,GB,2022-05-13 06:04:26,50.8552,0.5729,54.28,87,98,14.12,overcast clouds
684,Brae,GB,2022-05-13 06:02:07,60.3964,-1.353,46.36,73,100,14.88,overcast clouds
685,Kon Tum,VN,2022-05-13 06:05:26,14.35,108.0,85.75,59,100,5.3,light rain
